{
  "formatVersion": 1,
  "database": {
    "version": 1,
    "identityHash": "c6584d64568c8dcabb60fd21ff2ac15b",
    "entities": [
      {
        "tableName": "contacto_entity",
        "createSql": "CREATE TABLE IF NOT EXISTS `${TABLE_NAME}` (`id` INTEGER PRIMARY KEY AUTOINCREMENT NOT NULL, `name` TEXT NOT NULL, `phoneNumber` TEXT NOT NULL, `genero` TEXT NOT NULL)",
        "fields": [
          {
            "fieldPath": "id",
            "columnName": "id",
            "affinity": "INTEGER",
            "notNull": true
          },
          {
            "fieldPath": "name",
            "columnName": "name",
            "affinity": "TEXT",
            "notNull": true
          },
          {
            "fieldPath": "phoneNumber",
            "columnName": "phoneNumber",
            "affinity": "TEXT",
            "notNull": true
          },
          {
            "fieldPath": "genero",
            "columnName": "genero",
            "affinity": "TEXT",
            "notNull": true
          }
        ],
        "primaryKey": {
          "autoGenerate": true,
          "columnNames": [
            "id"
          ]
        }
      }
    ],
    "setupQueries": [
      "CREATE TABLE IF NOT EXISTS room_master_table (id INTEGER PRIMARY KEY,identity_hash TEXT)",
      "INSERT OR REPLACE INTO room_master_table (id,identity_hash) VALUES(42, 'c6584d64568c8dcabb60fd21ff2ac15b')"
    ]
  }
}