{
  "formatVersion": 1,
  "database": {
    "version": 1,
    "identityHash": "7caed231aa35bf705583b0a3cf1acab1",
    "entities": [
      {
        "tableName": "jugada_entity",
        "createSql": "CREATE TABLE IF NOT EXISTS `${TABLE_NAME}` (`id` INTEGER PRIMARY KEY AUTOINCREMENT NOT NULL, `numJugada` INTEGER NOT NULL, `resultadoJugada` INTEGER NOT NULL)",
        "fields": [
          {
            "fieldPath": "id",
            "columnName": "id",
            "affinity": "INTEGER",
            "notNull": true
          },
          {
            "fieldPath": "numJugada",
            "columnName": "numJugada",
            "affinity": "INTEGER",
            "notNull": true
          },
          {
            "fieldPath": "resultadoJugada",
            "columnName": "resultadoJugada",
            "affinity": "INTEGER",
            "notNull": true
          }
        ],
        "primaryKey": {
          "autoGenerate": true,
          "columnNames": [
            "id"
          ]
        }
      }
    ],
    "setupQueries": [
      "CREATE TABLE IF NOT EXISTS room_master_table (id INTEGER PRIMARY KEY,identity_hash TEXT)",
      "INSERT OR REPLACE INTO room_master_table (id,identity_hash) VALUES(42, '7caed231aa35bf705583b0a3cf1acab1')"
    ]
  }
}